Source File	Size	loadResources	load	generateSnapshots	load-configure	scan	loadDepInfo	loadInfo	checkR4R4B	generateNarratives	validate	loadLists	checkConformanceResources	checkConformanceResources2	checkConformanceResources3	generateLogicalMaps	validateExpressions	scanForUsageStats	checkURLsUnique	processProvenanceDetails	translate	generate1	generate2	generateLogicals	makeDependencies	generateExampleZip	generateValidationPack	scanProfilesForR5	scanExamplesForR5
/fsh-generated/resources/ImplementationGuide-ans.fhir.fr.[code].json	5999	-	0	0	0	0	0	0	17	95	0	0	0	0	0	0	0	0	0	0	14	88	118	0	0	0	3	0	2
fsh-generated/resources/CodeSystem-competence-code-system.json	6320	14	0	0	0	0	1	0	1	34	0	0	1	0	0	0	0	0	0	0	14	33	807	0	0	0	2	0	0
fsh-generated/resources/CodeSystem-type-carte-code-system.json	1008	11	0	0	1	0	0	0	1	24	0	0	0	0	0	0	0	0	0	0	7	16	52	0	0	0	1	0	0
fsh-generated/resources/Patient-frpatient-exemple.json	453	12	0	0	0	0	0	0	0	318	0	0	0	0	0	0	0	1	0	0	6	13	21	0	0	0	0	0	0
fsh-generated/resources/StructureDefinition-EyeColor.json	1311	15	0	15	0	0	0	0	1	62	0	0	0	0	0	0	0	0	0	0	1	37	540	0	0	0	2	0	0
fsh-generated/resources/StructureDefinition-fr-patient.json	2350	16	0	86	0	0	0	0	0	62	0	0	1	0	0	0	0	2	0	0	1	105	575	0	0	0	11	0	2
fsh-generated/resources/ValueSet-EyeColorVS.json	669	12	0	0	0	0	0	0	0	4677	0	0	0	0	0	0	0	0	0	0	6	15	3657	0	0	0	1	0	0
fsh-generated/resources/ValueSet-MeltingPotVS.json	881	11	0	0	0	0	0	0	0	351	0	0	0	0	0	0	0	0	0	0	6	11	355	0	0	0	0	0	0
fsh-generated/resources/ValueSet-ModifiedAdministrativeGender.json	646	12	0	0	1	0	0	0	0	13	0	0	0	0	0	0	0	0	0	0	9	10	63	0	0	0	1	0	0
fsh-generated/resources/ValueSet-TypeCarteVS.json	417	11	0	0	0	0	0	0	0	12	0	0	0	0	0	0	0	0	0	0	4	10	40	0	0	0	0	0	0
/fsh-generated/includes/fsh-link-references.md	453	-	-	-	0	0	0	0	0	0	0	0	0	0	0	0	0	0	0	0	0	0	0	0	0	0	0	0	0
/fsh-generated/includes/menu.xml	2316	-	-	-	0	0	0	0	0	0	0	0	0	0	0	0	0	0	0	0	0	0	0	0	0	0	0	0	0
/input/data/features.yml	164	-	-	-	0	0	0	0	0	0	0	0	0	0	0	0	0	0	0	0	0	0	0	0	0	0	0	0	0
/input/pagecontent/st_flux1.md	119	-	-	-	0	0	0	0	0	0	0	0	0	0	0	0	0	0	0	0	0	0	1	0	0	0	0	0	0
/input/pagecontent/st_flux2.md	118	-	-	-	0	0	0	0	0	0	0	0	0	0	0	0	0	0	0	0	0	0	0	0	0	0	0	0	0
/input/pagecontent/specifications_techniques.md	0	-	-	-	0	0	0	0	0	0	0	0	0	0	0	0	0	0	0	0	0	0	0	0	0	0	0	0	0
/input/pagecontent/tests.md	1184	-	-	-	0	0	0	0	0	0	0	0	0	0	0	0	0	0	0	0	0	0	0	0	0	0	0	0	0
/input/pagecontent/sf1.md	119	-	-	-	0	0	0	0	0	0	0	0	0	0	0	0	0	0	0	0	0	0	0	0	0	0	0	0	0
/input/pagecontent/specifications_fonctionnelles.md	0	-	-	-	0	0	0	0	0	0	0	0	0	0	0	0	0	0	0	0	0	0	0	0	0	0	0	0	0
/input/pagecontent/securite.md	900	-	-	-	0	0	0	0	0	0	0	0	0	0	0	0	0	0	0	0	0	0	0	0	0	0	0	0	0
/input/pagecontent/construction_des_flux.md	205	-	-	-	0	0	0	0	0	0	0	0	0	0	0	0	0	0	0	0	0	0	0	0	0	0	0	0	0
/input/pagecontent/downloads.md	1727	-	-	-	0	0	0	0	0	0	0	0	0	0	0	0	0	0	0	0	0	0	0	0	0	0	0	0	0
/input/pagecontent/change-log.md	330	-	-	-	0	0	0	0	0	0	0	0	0	0	0	0	0	0	0	0	0	0	0	0	0	0	0	0	0
/input/pagecontent/index.md	2186	-	-	-	0	0	0	0	0	0	0	0	0	0	0	0	0	0	0	0	0	0	1	0	0	0	0	0	0
/input/pagecontent/autres_ressources.md	155	-	-	-	0	0	0	0	0	0	0	0	0	0	0	0	0	0	0	0	0	0	0	0	0	0	0	0	0
/template/config	0	-	-	-	0	0	0	0	0	0	0	0	0	0	0	0	0	0	0	0	1	0	0	0	0	0	0	0	0
/template/config/_config.yml	140	-	-	-	0	0	0	0	1	0	0	0	0	0	0	0	0	0	0	0	0	0	0	0	0	0	0	0	0
/input/images	0	-	-	-	0	0	0	0	0	0	0	0	0	0	0	0	0	0	0	0	0	0	1	0	0	0	0	0	0
/input/images/anImage.png	36288	-	-	-	0	0	0	0	0	0	0	0	0	0	0	0	0	0	0	0	0	0	0	0	0	0	0	0	0
/input/images/ci-sis-logo.png	61365	-	-	-	0	0	0	0	0	0	0	0	0	0	0	0	0	0	0	0	0	0	0	0	0	0	0	0	0
/temp/pages/_includes/artifacts.xml	5610	-	-	-	-	-	-	-	-	-	-	-	-	-	-	-	-	-	-	-	-	-	1	0	0	0	0	0	0
